"","baseMean","log2FoldChange","lfcSE","stat","pvalue","padj"
"BRCA1",156.310997647835,0.233381363979304,0.153355077656008,1.52183656091782,0.128050038045527,0.183365534714642
"TP53",155.970105905284,0.219120331681788,0.153213992464872,1.43015874827508,0.152671462045088,0.183365534714642
"EGFR",289.554616466534,-0.211851291866384,0.129918582462805,-1.63064657765209,0.102964915007653,0.183365534714642
"MYC",278.196380088778,-0.172707997719527,0.12981037822432,-1.33046371239345,0.183365534714642,0.183365534714642
